{
    "reprojection_error": 2.7074751247588793,
    "camera_matrix": [
        [
            2685.14166870412,
            0.0,
            1956.8662587216827
        ],
        [
            0.0,
            2682.0521474416632,
            1574.2119300842146
        ],
        [
            0.0,
            0.0,
            1.0
        ]
    ],
    "dist_coeffs": [
        11.27187030415018,
        138.80688052158823,
        0.014954241892170423,
        -0.008349782725048827,
        122.95698439768789,
        11.192165689544595,
        135.6425921062854,
        135.42676886449468,
        -0.001146993073625827,
        0.02469192170354929,
        -0.01814609292938532,
        -0.0017642191106959626
    ],
    "image_height": 3000,
    "image_width": 4000
}